{
  "gold4.png": {
    "todays_date": {
      "x": 0.653553,
      "y": 0.143037,
      "width": 0.251082,
      "height": 0.079121
    },
    "price_1g": {
      "x": 0.653553,
      "y": 0.284452,
      "width": 0.253247,
      "height": 0.079121
    },
    "price_8g": {
      "x": 0.652217,
      "y": 0.506319,
      "width": 0.25974,
      "height": 0.087912
    },
    "logo_area": {
      "x": 0.717955,
      "y": 0.678254,
      "width": 0.138528,
      "height": 0.131868
    },
    "address": {
      "x": 0.152403,
      "y": 0.863736,
      "width": 0.666667,
      "height": 0.057143
    },
    "whatsapp": {
      "x": 0.765625,
      "y": 0.953846,
      "width": 0.104505,
      "height": 0.043956
    },
    "social_handle": {
      "x": 0.200673,
      "y": 0.956044,
      "width": 0.307359,
      "height": 0.043956
    }
  },
  "gold1.jpeg": {
    "todays_date": {
      "x": 0.339827,
      "y": 0.116748,
      "width": 0.251082,
      "height": 0.080087
    },
    "price_1g": {
      "x": 0.028139,
      "y": 0.281385,
      "width": 0.237816,
      "height": 0.087848
    },
    "price_8g": {
      "x": 0.687754,
      "y": 0.286636,
      "width": 0.279779,
      "height": 0.092152
    },
    "logo_area": {
      "x": 0.75,
      "y": 0.05,
      "width": 0.2,
      "height": 0.2
    },
    "address": {
      "x": 0.100421,
      "y": 0.859891,
      "width": 0.800866,
      "height": 0.080087
    },
    "whatsapp_number": {
      "x": 0.80303,
      "y": 0.95671,
      "width": 0.19697,
      "height": 0.04329
    },
    "social_handle": {
      "x": 0.039046,
      "y": 0.941558,
      "width": 0.218615,
      "height": 0.058442
    }
  }
}